{"train_losses": [3.141767264664486, 3.1172537433412497, 3.0350133562481503, 3.0090562581837133, 2.9844789581914104, 2.952600404005344, 2.978673123454833, 2.9921624267002915, 2.9810585312081384, 2.8982958233812566, 2.868634472193793, 2.8427543194778684, 2.820874265951942, 2.806701471102658, 2.782040596276589, 2.7597336761055367, 2.7440241435731343, 2.7304420832485876, 2.7138470304879765, 2.7001699737740563, 2.686499170495081, 2.6744873758016987, 2.662730657508833, 2.6518902739276586, 2.6406163546883423, 2.6314736693225584, 2.6221833519710245, 2.6121444128012175, 2.602191076722256, 2.5927372232739048, 2.587760005422937, 2.5808896039181515, 2.5725172583715232, 2.563767766737884, 2.555775368830716, 2.5528565488716577, 2.5471054877183175, 2.5399004810301773, 2.5312595074103457, 2.5237074147823244, 2.5224898170011882, 2.5164032832000456, 2.509202713368982, 2.5010217583814423], "val_losses": [3.0715255990172876, 3.0010252324017612, 2.959339925737092, 2.946642521655921, 2.9332029313752144, 2.8742890032854946, 2.876143065365878, 2.998071706656254, 2.8428556557857627, 2.8179356040376606, 2.78535503690893, 2.7768178202889184, 2.761373534347072, 2.742153373631564, 2.7328871777563384, 2.7155964266170156, 2.7073728243509927, 2.694131789785443, 2.686259298613577, 2.6775328209905913, 2.6673012646761807, 2.6640524358460396, 2.6596563043016377, 2.6534243135741264, 2.6483957370122275, 2.6478573011629507, 2.647859143488335, 2.6490007241566977, 2.6452610745574487, 2.639238234722253, 2.636233029943524, 2.6293198809479223, 2.625023719036218, 2.618656216245709, 2.6144745060891816, 2.6068583474014746, 2.60491038091255, 2.6030447519186772, 2.5988641236767624, 2.5989472089391765, 2.5936293024005312, 2.591058470986106, 2.588605989109386, 2.5858701034025713]}