{"train_losses": [0.9723390858600842, 0.8962946537733972, 0.8578170023282846, 0.8336773267028391, 0.8134809068871546, 0.8041923238385108, 0.8029546852140433, 0.7918040636599913, 0.7747509853560854, 0.7635083508643546, 0.7646262758625958, 0.7525810476361766, 0.7453054926803214, 0.7351524610762656, 0.7238507604831516, 0.7141412506627571, 0.7086666073686453, 0.704083297700696, 0.6992891677679733, 0.6916606011510521, 0.6849815620798324, 0.6710543786325762, 0.6597326107474082, 0.6564736553626408, 0.6531877041489043, 0.6515272724521133, 0.6426573154269889, 0.6335791685218124, 0.6360358613286802, 0.6292490084548686, 0.6272624502795492, 0.6205966939893953, 0.6131383386976452, 0.6035704637101424, 0.5984732510895096, 0.5977423382449311, 0.5981586392625149, 0.6236374179671246, 0.5780802488729458, 0.5737257177947789, 0.5875880206919039, 0.5748701359397562, 0.5675234766670035, 0.5722877653979397, 0.5742688054038633, 0.566635301483366, 0.5546205520674597, 0.5506145800313642, 0.5490930284089105, 0.5499856707661651], "val_losses": [0.8906881556366429, 0.842906578020616, 0.8088110811782606, 0.7750834055019148, 0.8012208035497954, 0.8073510220556548, 0.7991662639560122, 0.7588092115792361, 0.7562043305599329, 0.7436701294147607, 0.7395817501978441, 0.8419529885956736, 0.7548858740112998, 0.7839219190857627, 0.7475559729518313, 0.7522351190899358, 0.7636217465906432, 0.799312716180628, 0.7875497422435067, 0.7402985186287852, 0.7497739629311995, 0.7994639765132557, 0.7560906247659163, 0.7226962040771138, 0.7078304606856722, 0.7316154566678134, 0.692201787775213, 0.8119964301586151, 0.8388926142996008, 0.7530811401930723, 0.758517549796538, 0.7576518582575249, 0.7385432530533184, 0.6986277834935621, 0.6366482697653048, 0.6294537145983089, 0.6128235919909044, 0.603543510942748, 0.5859364831086361, 0.5940038918545751, 0.6071568122415831, 0.6265274367549203, 0.5955263963251403, 0.6007449008298643, 0.6354305671923088, 0.7039982875188192, 0.6377865631471981, 0.61338389822931, 0.6311949455376827, 0.6527444575772141]}